Material,Material Description
407,AUDIO AMP (S/N)
417,"AMP,AUDIO CONTROL PANEL"
419,AUDIO AMP (S/N)
437,"AMPLIFIER, AUDIO CONTROL"
50930,VALVE-SLAVE MASTER CYLINDER MIXER
473155,"TESTER,FLAME DETECTOR"
3024084,"FILTER ELEMENT, OIL"
3029267,"FILTER ELEMENT, INTAKE AIR CLEANER"
3029315,OIL FILTER
3036376,OIL FILTER
3038142,FILTER ELEMENT - COMPRESSOR
5002289,"HOUSING,BRAKE"
5005358,"SHIELD,HEAT"
5008886,PRESSURE PLATE SUB-ASSY
5008887,STATIONARY DISK ASSY
5010703,FLANGE-DEMOUNTABLE
01-0770239-01,STROBE ASSY RED
01-0770239-02,STROBE ASSY GREEN
01-0790080-00,POWER SUPPLY ASSY
01-0790111-00,LIGHT ASSY
100-364189-601,PANEL (S/N)
100-364217-15,PCB ASSEMBLY
100-364217-9,MODULE ASSY-ANNUN FAULT DETECTION
100-364295-3,CONTROL ASSY-WINDSHIELD ANTI-ICE
100-364310-1,SIGN ASSY-SEAT BELT WARNING
100-369012-3,STARTER GENERATOR
100-384040-3,FLAP MOTOR
100-384079-3,"INDICATOR, PROPELLER TACHOMETER"
100-384085-1,IND-DCV METER
100-384087-1,CABIN TEMP
100-384088-3,INDICATOR
100-384088-5,INDICATOR-CABIN ALTITUDE & DIFF PRESSURE
100-384092-3,IND-PNEUMATIC PRES
100-384093-1,FLAP POS.IND.
100-384093-3,INDICATOR-FLAP POSITION
100-384095-1,"INDICATOR-AC VOLT,FREQUENCY"
100-384118-14,"LIGHT ASSY-RH STROBE,NAV AND RECOG"
100-384118-15,"LIGHT ASSY-LH STROBE,W/ INT PWR SUPPLY"
100-384118-21,POWER SUPPLY-NAV LIGHT ASSY
100-384118-25,"LIGHT ASSY-LH STROBE,W/ INT PWR SUPPLY"
100-384118-26,"LIGHT ASSY-RH STROBE,W/ INT PWR SUPPLY"
100-430060-1,DAMPENER ASSY - AIRSTAIR DOOR
100-430060-27,DAMPENER ASSY - AIRSTAIR DOOR
100-524074-1,GEARBOX ASSY
100-820022-9,LINK ASSY-NOSE STEERING
100LA2/S,"BLADE SET(3),PROPELLER,AIRCRAFT"
101-120023-41,"RIB,NACELLE,OB,RH"
101-130001-1,"AILERON ASSY,LH"
101-130001-325,"AILERON ASSY,LH"
101-130001-327,"AILERON ASSY,RH"
101-130001-626,"AILERON ASSY, RH"
101-130001-628,"AILERON ASSY, RH"
101-130003-121,"AILERON ASSY, RH"
101-160001-17,FLAP ASSY-CENTER SECT
101-160001-2,FLAP ASSY-CENTER SECT
101-160001-28,FLAP ASSY-CENTER SECT
101-160001-44,FLAP ASSY-CENTER SECT
101-340211-601,PANEL ASY-RADIO P
101-341336-3,SWITCH-ELEV TRIM
101-341534-9,PCB ASSY-28V MARKER LIGHT
101-341542-9,CIRCUIT CARD ASSY
101-342163-1,PC BOARD ASSY
101-342181-3,PCB
101-342181-5,pcb
101-361054-1,PANEL ASSY (S/N)
101-361096-1,PCB - EXTERNAL POWER LIGHT
101-361096-3,PCB - EXTERNAL POWER LIGHT
101-361161-1,PCB-FREON PRESS
101-361166-601,PANEL ASSY
101-364086-7,PCB-FUEL TRANSFER
101-364092-25,MODULE ASSY
101-364246-23,POWER SUPPLY
101-364246-27,POWER SUPPLY
101-364261-7,MODULE ASSY (SN)
101-364261-9,MODULE ASSY
101-364270-5,"CONTROL UNIT,DC GENERATOR"
101-364275-5,P.C.B A130
101-364328-1,MODULE ASSY-ANNUNCIATOR FAULT DETECTION
101-364388-5,MODULE ASSEM-BRAKE & ANNUNCIATOR
101-364391-1,MODUL ASY-ANN CNTL
101-364391-5,MODUL ASY-ANN CNTL
101-364462-15,"BOX ASSY-CIRCUIT BREAKER, BATTERY BUS"
101-364462-7,"BOX ASSY-CIRCUIT BREAKER, BATTERY BUS"
101-364572-17,MODULE ASSY-ICE V SENS/N1 SPD/BATT MNTR
101-364572-19,MODULE ASSY-ICE V SENS/N1 SPD/BATT MNTR
101-364572-21,MODULE ASSY-N1 SPEED & ICE VANE SENSE
101-364572-25,MODULE ASSY-N1 SPEED & ICE VANE SENSE
101-364572-7,MODULE ASSY-ICE V SENS/N1 SPD/BATT MNTR
101-364578-1,MODULE ASSY-ANNUNCIATOR CONTROL
101-364578-7,MODULE ASSY-ANNUNCIATOR CONTROL
101-364580-1,PCB-MODULE ASSY-ANNUN
101-364580-11,MODULE ASSY
101-364582-11,MODULE ASSY-ADVISORY L.T. & SURF. DEICE
101-364582-13,MODULE ASSY-ADVISORY L.T. & SURF. DEICE
101-364628-1,SWITCH ASSEMBLY - GEAR POS
101-364715-1,"CIRCUIT CARD ASSY, BUS TIE CONTROL"
101-364798-51,"LIGHT ASSY-EXIT SIGN ASSY, EMERGENCY"
101-364798-637,EMERGENCY EXIT SIGN ASSY
101-364798-639,EMERGENCY EXIT SIGN ASSY
101-380012-3,POWER SUPPLY-DIMMER CONTROL    -5VDC OUT
101-380012-5,POWER SUPPLY-DIMMER CONTROL    +5VDC OUT
101-380026-13,CABIN ALT.INDICATO
101-380026-3,"IND., CAB ALT(S/N)"
101-380026-9,CABIN ALTI IND(S/N
101-380031-3,TURN & SLIP INDICATOR
101-380096-1,BRAKE ASSY
101-384004-1,BLOWER ASSY-CONDENSER
101-384004-13,BLOWER ASSY-CONDENSER
101-384004-5,BLOWER ASSY-CONDSR
101-384004-9,BLOWER ASSY-CONDENSER
101-384025-23,WINDSHIELD LH KING AIR / C12
101-384025-24,WINDSHIELD RH KING AIR / C12
101-384028-1,SWITCH BAROMETRIC
101-384028-13,SWITCH BAROMETRIC
101-384028-23,SWITCH BAROMETRIC
101-384028-25,"SWITCH,PRESSURE,BAROMETRIC"
101-384028-29,SWITCH BAROMETRIC
101-384028-35,SWITCH ASSY -  BAROMETRIC PRESSURE
101-384028-41,"SWITCH,BAROMETRIC PRESSURE"
101-384028-43,SWITCH BAROMETRIC
101-384028-45,SWITCH ASSY-BAROMETRIC PRESSURE
101-384028-47,SWITCH ASSY - BAROMETRIC PRESSURE
101-384028-7,"SWITCH ASSY,BAROMETER PRESS"
101-384034-1,"SWITCH,PRESSURE-OXYGEN GEN"
101-384081-3,"SWITCH, PRESSURE"
101-384081-5,"SWITCH, PRESSURE"
101-384106-9,"INDICATOR, D.C. VOLTMETER"
101-384119-1,SWITCH ASSY
101-384133-0003,SUCTION GAUGE
101-384135-3,"BLOWER, AFT EVAPORATOR"
101-384137-7,SWITCH ASSY
101-384150-7,IND/FUEL
101-384176-1,VENT BLOWER
101-384176-3,FORWARD BLOWER ASSY
101-384177-9,"CONTROLLER ASSY,MOTOR SPEED-FWD EVAPORAT"
101-384189-3,INDICATOR FUEL QTY
101-384189-5,"INDICATOR,FUEL QTY"
101-384233-1,"INDICATOR-VOLT AND AMMETER,28VDC"
101-388014-15,"CYLINDER ASSY-MLG, RETRACT ACTUATOR"
101-388014-19,"CYLINDER ASSY-MLG, RETRACT ACTUATOR"
101-389007-1,STARTER GENERATOR
101-4025-1 S,"KIT-INCONEL WING BOLT INSTL,UPR FWD"
101-4026-3 S,"KIT-INCONEL WING BOLT INSTL,AFT"
101-4083-3,"KIT-ATTACH BOLT,WING,LWR FWD"
101-410095-29,RADOME ASSY-RADOME INSTL
101-430142-603,DOOR STRUCTURE ASSY-AIRSTAIR
10-1447-1,EXIT SIGN(LENS)S/N
101-521016-1,"ACTUATOR ASSY-FLAP,INBD"
101-521016-2,"ACTUATOR ASSY-FLAP,INBD"
101-521039-1,ACTUATOR ASSY-AILERON TRIM TAB
101-524036-605,ACTUATOR ASSY-ELEVATOR TRIM CONTROL
101-524072-1,ACTUATOR ASSY-ELEV TRIM TAB
101-530160-5,"COMPASS ASSY,STANDBY"
101-530508-13,"COMPASS, STANDBY"
101-550087-19,"VALVE ASSY-BYPASS,ENVIRNMT BLEED AIR"
101-550087-23,"VALVE ASSY-BYPASS,ENVIRNMT BLEED AIR"
101-550087-25,"VALVE ASSY-BYPASS,ENVIRNMT BLEED AIR"
101-550087-3,"VALVE ASSY-BYPASS,ENVIRNMT BLEED AIR"
101-570022-17,SWITCH ASSY-FIRE PROTECTION SYS TEST
101-610000-14,TAB ASSY-ELEVATOR ASSY
101-610000-191,"ELEVATOR  ASSY,LH"
101-610000-192,"ELEVATOR  ASSY,RH"
101-610000-605,"ELEVATOR  ASSY,LH"
101-610000-613,ELEVATOR ASSY
101-610000-614,ELEVATOR ASSY
101-610000-617,"ELEVATOR ASSY,LH"
101-610015-11,TIP - ELEVATOR ASSY
101-630000-161,TAB ASSY-RUDDER ASSY
101-630000-613,RUDDER ASSY W/TAB
101-8001-47,WHEEL ASSY
101-8001-49,"WHEEL AND TIRE ASSY, BALANCED"
101-8002-11,BRAKE PLATE SUB ASSY -  BACK
101-8002-17,PRESSURE PLATE ASSY
101-8002-19,"HOUSING,BRAKE"
101-8002-3,BRAKE ASSY
101-8002-51,WHEEL ASSY
101-8002-57,WHEEL ASSY-TUBELESS
101-8026-1,"WHEEL AND TIRE ASSY, BALANCED - NLG"
101-8026-5,WHEEL ASSY
101-810009-9,"MAIN LANDING GEAR ASSY,HIGH FLOTATION"
101-810011-1,"AXLE AND PISTON ASSY,DUAL WHEEL,MLG"
101-810011-3,"AXLE AND PISTON ASSY,DUAL WHEEL,MLG"
101-810011-601,"AXLE AND PISTON ASSY,DUAL WHEEL,MLG"
101-810023-5,TORQUE KNEE ASSY-DUAL WHEEL
101-810023-7,TORQUE KNEE-DUAL WHEEL
101-810031-3,TUBE-PISTON ASSY
101-810032-1,"TORQUE KNEE ASSY, MLG"
101-810032-3,"TORQUE KNEE ASSY, MLG"
101-810032-5,"TORQUE KNEE, MLG"
101-810032-7,"TORQUE KNEE, MLG"
101-810033-13,"BRACE ASSY - MAIN GEAR, DUAL WHEEL"
101-810033-15,"BRACE,MLG"
101-810033-3,"BRACE-MAIN GEAR,DUAL WHEEL"
101-810033-5,"BRACE ASSY-MAIN GEAR,DUAL WHEEL"
101-810033-7,"BRACE-MAIN GEAR,DUAL WHEEL"
101-810043-3,"WHEEL AND TIRE ASSY-FLOTATION,MODEL 200"
101-810043-5,"WHEEL AND TIRE ASSY-FLOTATION,MODEL 200"
101-810045-0009,"AXLE AND PISTON ASSEMBLY, DUAL WHEEL"
101-810045-1,AXLE AND PISTON ASSY-DUAL WHEEL
101-810045-3,AXLE AND PISTON ASSY-DUAL WHEEL
101-810045-601,AXLE AND PISTON ASSY-DUAL WHEEL
101-810081-1,"BRACE ASSY-MAIN GEAR,DUAL WHEEL"
101-810081-3,"BRACE ASSY-MAIN GEAR,DUAL WHEEL"
101-810091-7,DRAG LEG ASSY-DUAL WHEEL
101-810126-5,LINK ASSY-MLG DOOR
101-810157-13,"DRAG LEG ASSY W/ ELEC HARNESS, MLG"
101-810157-7,"DRAG LEG ASSY W/ ELEC HARNESS, MLG"
101-810157-9,"DRAG LEG ASSY W/ ELEC HARNESS, MLG"
101-810158-1,LANDING GEAR ASSEMBLY
101-810158-601,"LNDG GR EQUIP WITH WHEEL,BRK"
101-810158-651,"LANDING GEAR ASSY, HF - LESS TIRE WHEEL"
101-810213-0001,PISTON-MAIN GEAR
101-820020-603,NOSE LANDING GEAR ASSY W/O W&T
101-820020-615,NOSE LANDING GEAR ASSY W/ WHEEL&TIRE
101-820020-7015,NOSE LANDING GEAR ASSY W/O WHEEL &TIRE
101-820024-13,BRACE ASSY-NOSE GEAR
101-820024-15,BRACE-NOSE GEAR
101-820024-5,BRACE ASSY-NOSE GEAR
101-820025-5,SHOCK ABSORBER ASSY-NLG
101-820026-1,AXLE-NOSE GEAR
101-820029-11,NOSE LANDING GEAR  ASSY W/O W&T
101-820029-29,NOSE LANDING GEAR  ASSY W/O W&T
101-820034-5,BRACE ASSY-NOSE GEAR DRAG
101-820034-7,BRACE ASSY-NOSE GEAR DRAG
101-820064-7,LINK ASSEMBLY-NOSE GEAR STEERING
101-820073-3,FORK - NOSE LANDING GEAR
101-820074-1,SHOCK ABSORBER ASSY-NLG
101-820074-601,SHOCK ABSORBER ASSY-NLG
101-820075-5(V1),"TUBE ASSY-SHOCK ABSORBER,NLG"
101-910021-59,"DOOR ASSY,ACCESS-COWLING ASSY,AFT UPR"
101-910024-181,"COWLING ASSY-FWD,LWR"
101-910025-1,"COWLING ASSY-FWD,UPR"
101-TRACE,CAD Services
104-810013-10,"LANDNG GEAR ASSY,RH"
104-810013-9,LANDNG GEAR LH(S/N
104-810014-5,ACTUATOR ASSY W/O MTR
104-810014-7,ACTUATOR ASSY
104-820011-15,NOSE LANDING GEAR ASSY
10-501-001-01,"PANEL ASSY, SWITCH PILOT"
10-501-001-03,"PANEL ASSY, SWITCH COPILOT"
10-501-001-05,"PANEL ASSY, SWITCH INSTRUCTOR 1"
10-501-001-07,"PANEL ASSY, SWITCH INSTRUCTOR 2"
10-501-001-09,"PANEL ASSY, SWITCH OBSERVER"
10-501-001-11,"PANEL ASSY, SWITCH STUDENT 2"
10-520-002-01,PANEL ASSY
1057-511,SEAT-FLIGHT ENGINEER
109-364081-1,PWB ASSY-CROSS START RELAY CTRL-ELEC
109-384001-1,"INDICATOR,DC LOAD,WHITE LIGHTING"
112-364021-1,PC BOARD ASSY - LOGIC RELAY
112-364021-5,PC BOARD ASSY - LOGIC RELAY
114-364086-1,MODULE ASSY-ANNUNCIATOR LEGEND PWR SUP
114-380018-1,INDICATOR-CABIN CLIMB RATE
114-380020-1,"INDICATOR, CABIN AIR TEMPERATURE"
114-380028-11,"BLOWER ASSY-VENTILATION,CABIN"
114-380031-1,INDICATOR-D.C. LOAD
114-380032-1,INDICATOR-D.C. VOLTS
114-380033-1,INDICATOR-AC VOLT FREQUENCY
114-380041-15,"ACTUATOR ASSY, HYDRAULIC - MLG"
114-380049-11,"INDICATOR-PROP AMP,DUAL"
114-388024-1,BRAKE ASSY-MLG
114-388025-1,WHEEL ASSY-MLG
114-389031-17,"ISOLATOR ASSY,VIBRATION-ENGINE"
114-8001-21,"WHEEL ASSY,TUBELESS-NOSE GEAR"
114-8007-3,BRAKE ASSY-MAIN GEAR
114-8008-17,STATIONARY DISK ASSY-BRAKE ASY-MAIN GEAR
114-810000-655,LANDING GEAR ASSY-MAIN
114-810000-656,LANDING GEAR ASSY-MAIN
114-810023-1,DRAG LEG ASSY-MAIN LANDING GEAR
114-810026-1,ARM-UPR DRAG LEG
114-810027-1,"DRAG LEG-LWR,MAIN LDG GEAR"
114-810031-1,"BRACE ASSY-MAIN GEAR,DUAL WHEEL"
114-810031-3,"BRACE-MAIN GEAR,DUAL WHEEL"
114-810031-5,"BRACE ASSY-MAIN GEAR,DUAL WHEEL"
114-810091-3,WHEEL AND TIRE ASSY-MAIN LDG GEAR
114-820021-651,"LANDING GEAR ASSY-NOSE,LESS WHEEL/TIRE"
114-820022-17,CYLINDER ASSY-NOSE LDG GEAR
114-820047-13,BRACE-NOSE GEAR
114-820047-19,BRACE ASSY-NOSE GEAR
114-820052-9,SHIMMY DAMPER ASSY-NLG
114-820073-5,"TUBE ASSY-SHOCK ABSORBER, NLG"
114-820073-7,"TUBE ASSY-SHOCK ABSORBER, NLG"
114-820144-601,FORK ASSY WELD-SHOCK ABSORBER ASSY-NLG
115-380002-5,"MOTOR ASSY, LG RETRACT"
115-810025-1,"HOUSING,SCREW-MLG ACTUATOR ASSY"
115-811020-17,GEARBOX ASSY-LDG GR RETRACT-W/O UP SW
117-340242-1,"FILTER ASSY,AUDIO"
117-360034-13,CONVERTER ASSY-5 TO 28 VOLT
117-364059-1,MODULE ASSY-FUEL TRANSFER
117-364059-5,MODULE ASSY-FUEL TRANSFER
117-364066-11,MODULE ASSY-LOW FUEL/WARN HORN/TIME DEL
117-384007-3,"INDICATOR-DIGITAL,DC VOLT"
117-384009-5,"INDICATOR-DIGITAL,AC VOLT AND FREQ"
117-384019-3,INDICATOR-FUEL QUANTITY
117-384019-7,INDICATOR-FUEL QUANTITY
117-384033-3,INDICATOR-FUEL QUANTITY
117-384039-1,"INDICATOR-DIGITAL,DC VOLT"
117-384041-1,"INDICATOR-DIGITAL,AC VOLT AND FREQ"
118-130000-601,"AILERON ASSY, LH"
118-380000-1,INDICATOR-FUEL QTY
122-382142-13,"INDICATOR, STANDBY ALTIMETER"
122-382142-3,"INDICATOR, STANDBY ALTIMETER"
127-340000-1,ICS PANEL-PILOT
127-340001-1,"PANEL ASSY-RADIO CONTROL,PILOT"
127-340002-1,"PANEL ASSY-RADIO CONTROL,COPILOT"
127-340058-15,PRINTED CIRCUIT BOARD ASSY-COMPONENT
127-364046-7,MODULE ASSY-ANNUNCIATOR CONTROL
128-320033-1,CONTROL UNIT ASSY - LANDING GEAR
128-364066-5,PCB - LDG GEAR AND GRD SAFETY FWD
128-364068-1,PCB LG ASY AFT(S/N
128-364070-1,PCB AST TST LIT(SN
128-364072-1,PCB ASY STL WRN(SN
128-364072-5,PCB
128-364074-1,"PCB ASSY-MASTER TEST & WARNING, LH & RH"
128-364076-1,PCB ASSY(S/N)
128-364078-1,PCB ASSY-INDICATOR LIGHT DIMMER CNTRL
128-364080-1,PCB ASSY - INDICATOR LIGHT TEST
128-364082-1,PCB ASY INST LI(SN
128-364084-1,PCB ASY P&C(S/N)
128-364086-1,PCB ASSY-LANDING LIGHTS
128-364088-1,PCB EMRG BUS(S/N)
128-364090-5,"PCB ASSY, ICE PROTECTION, LH"
128-364092-1,PCB ICE PRT (S/N)
128-364094-1,PCB DC POWER (S/N)
128-364096-1,PRINTED CIRCUIT BOARD ASSY
128-364098-3,PCB SMOKE DET(S/N)
128-364100-1,PCB-FUEL TRANSFER
128-364102-5,PCB-FUEL CONTROL
128-364102-9,PCB-FUEL CONTROL
128-364104-1,PCB-FUEL CROSS
128-364106-1,PCB-POWER PLANT CONTROL
128-364108-1,PCB-ENG STR
128-364108-7,PCB-ENG STR
128-364110-1,PCB-ENGINE START
128-364110-5,PCB-ENGINE START
128-364112-1,"PCB ASSY,ENV S/N"
128-364114-1,PCB BLEED AIR(S/N)
128-364116-1,PCB ASSY - NO.1 INVERTER CONTROL
128-364118-1,PCB ASY-#2 INV CTL
128-364120-1,PCB FLAP CNTRL(S/N
128-364122-7,"PCB, ROLL TRIM"
128-364124-1,PCB PITCH TRIM(S/N
128-364190-601,"WIRE HARNESS-UTILITY LIGHT,COCKPIT"
128-364190-602,"WIRE HARNESS-UTILITY LIGHT,COCKPIT"
128-364195-603,WIRE HARNESS ASSY-AIR CYCLE MACHINE
128-364196-601,WIRE HARNESS-COCKPIT ROOM LIGHT
128-380046-1,"MASTER CYLINDER,BRAKE,LH"
128-380046-2,"MASTER CYLINDER,BRAKE,RH"
128-384046-3,INDICATOR-FAN RPM
128-440038-601,DOOR ASSY-AFT FUS
128-520003-1,ROD ASSY
128-520010-1,ROD ASSY
128-520011-1,ROD ASSY
128-520023-1,ROD ASSY
128-520024-1,ROD ASSY
128-520025-1,ROD ASSY-FLAP CONTROL MECHANISM
128-520027-1,ROD ASSY
128-520029-1,ROD ASSY
128-520030-1,ROD ASSY
128-520033-1,IDLER ARM ASSY
128-520034-1,ROD ASSY-PEDAL ADJ
128-520035-601,RUDDER PEDAL ASY.
128-520035-651,TORQUE TUBE ASSY
128-520042-1,ARM ASSY-PEDAL LEVER
128-520043-1,"LEVER ASSY-PEDAL,LH"
128-520044-1,"LEVER ASSY-PEDAL,RH"
128-520047-1,ROD ASSY
128-520047-3,ROD ASSY
128-520051-601,GUST LOCK ASSY
128-520061-7,DRIVE ASSY-JACK SCREW
128-520078-1,DRIVE ASSY
128-520085-1,ROD ASSY-AFT FLAP MECHANISM
128-530005-49,"SEAT ASSY,PILOT"
128-530005-50,"SEAT ASSY,C/P"
128-530400-3AF,"SEAT, CREW"
128-550011-11,TUBE ASSY-LH DUCT
128-550012-11,"TUBE ASSY-BLEED AIR DUCT,RH"
128-580107-1,VALVE ASSY
128-580115-1,MANIFOLD ASSY
128-610006-5,CABLE & CHAIN ASSY
128-810032-0041,"LINK ASSY, TORQUE - MLG"
128-810032-25,LINK ASSY-TORQ
128-810034-10,"SHOCK STRUT ASSY,RH-MLG"
128-810034-601,"MAIN LANDING GEAR,LH"
128-810034-602,"MAIN LANDING GEAR,RH"
128-810034-9,"SHOCK STRUT ASSY,LH-MLG"
128-810037-3,AXLE MLG  L/H
128-810037-4,AXLE MLG R/H
128-810081-1,"SIDE STRUT ASSY, MLG - LH"
128-810081-2,"SIDE STRUT ASSY, MLG - RH"
128-810081-3,"SIDE STRUT ASSY, MLG - LH"
128-810081-4,"SIDE STRUT ASSY, MLG - RH"
128-810081-5,"SIDE STRUT ASSY, MLG - LH"
128-810081-6,"SIDE STRUT ASSY, MLG - RH"
128-810085-601,STRUT ASSY LH
128-810085-602,STRUT ASSY RH
128-810085-651,STRUT ASSY LH
128-810085-652,STRUT ASSY RH
128-810085-653,STRUT ASSY LH
128-810085-654,STRUT ASSY RH (SN)
128-810088-9,ROD ASSY
128-820001/935,LANDING GEAR SWITCH TESTER
128-820024-21,DRAG STRUT ASSY
128-820028-1,"SHOCK STRUT ASSY, NLG"
128-820028-5,"SHOCK STRUT ASSY, NLG"
128-820028-6005,"SHOCK STRUT ASSY, NLG"
128-820028-6011,"SHOCK STRUT ASSY, NLG"
128-820028-7,"SHOCK STRUT ASSY, NLG"
128-820028-9,"SHOCK STRUT ASSY,NLG"
128-820029-605,FORK ASSY
128-820029-609,FORK ASSY
128-820031-9,"CYLINDER ASSY, OUTER - NLG"
128-820035-1,ROD ASSY
128-820036-1,ROD ASSY
128-820038-1,ROD ASSY
128-820044-1,DRAG STRUT ASSY-NLG
128-820044-601,DRAG STRUT ASSY-NLG
128-820044-603,DRAG STRUT ASSY-NLG
128-820044-605,DRAG STRUT ASSY-NLG
128-820049-1,ROD ASSY
129-364079-7,PCB ASSY
129-380016-1,"POWER PANEL ASSY, ELECTRICAL"
129-389001-7,"ISOLATOR ASSY, ENGINE"
129-514106-49,"STRUT ASSY,AIRSTAIR DOOR"
129-521050-1,ACTUATOR L/H INBD
129-521050-2,ACTUATOR R/H INBD
129-521050-6001,"ACTUATOR ASSY - FLAP, INBD LH"
129-521050-6002,ACTUATOR R/H INBD
129-521051-1,ACT L/H OUTBD(S/N)
129-521051-2,ACTUATOR-R OB FLAP
129-521051-6001,ACTUATOR ASSY - FLAP LH
129-521051-6002,"ACTUATOR ASSY - FLAP, OTBD RH"
129-8003-0009,"KIT-SOCKET,MACHINED,NO BUSHINGS - MLG"
129-810022-0001,"SOCKET ASSY-PISTON,DUAL WHEEL-MLG"
130-160000-1,"FLAP ASSY-OTBD,LH"
130-160000-2,"FLAP ASSY-OTBD,RH"
130-170032-615,"WINGLET ASSY,LH"
130-170032-616,"WINGLET ASSY,RH"
130-364076-5,MODULE ASSY-ANNUN FAULT DETEC / ICE VANE
130-364090-1,MODULE ASSY-AIR COND CNTRL / ICE VANE SE
130-364090-5,MODULE ASSY-AIR COND CNTRL / ICE VANE SE
130-364125-9,MODULE ASSY-AMBIENT AIR AND BRAKE DEICE
130-610000-602,ELEVATOR ASSY
130-810021-6001,LANDING GEAR ASSEMBLY (SPARES)
130-810023-0001,AXLE AND PISTON ASSEMBLY
130-810172-601,LANDING GEAR ASSY - HI-FLOAT
130-810172-7001,"LANDING GEAR EQUIPMENT ASSEMBLY, MAIN"
132-100021-4,"LEADING EDGE ASSY,INBD-WING"
132-100034-602,CENTER LEADING EDGE ASSY
132-3028-0015,KIT-PANEL ASSY (KA119)
132-3028-0017,KIT-PANEL ASSY (KA120)
132-3028-0023,KIT-RADIO JUNCT BOX ASSY (POST TCTO-701)
132-3028-23,RADIO JUNCTION BOX
132-3028-27,RADIO JUNCTION BOX
132-340010-3,AUDIO PANEL ASSY-AVIONICS RACK
132-340010-5,AUDIO PANEL ASSY-AVIONICS RACK
132-340055-3,AUDIO PANEL ASY(SN
132-340076-3,AUD PNL ASY PL(S/N
132-340077-3,AUDIO PNL ASSY S/N
132-340078-5,SWTCH PNL ASY-PILO
132-340078-7,SWTCH PNL CO-PILOT
132-340079-3,REVERS.PNL LH(S/N)
132-340080-1,SWTCH PNL ASY L/H
132-340142-1,PNL ASSY REVERSION
132-340153-1,REVERS.PNL ASY(S/N
132-340200-1,"WIRE HARNESS-MIC AND PHONE JACKS,PILOT"
132-340201-1,"WIRE HARNESS-MIC AND PHONE JACKS,COPILOT"
132-340202-1,"WIRE HARNESS-MIC AND PHONE JACKS,OBSERVR"
132-340208-1,"WIRE HARNESS-MIC AND PHONE JACKS,GRD CRW"
132-364073-601,"WIRE HARNESS,FUEL QTY-AFT CABIN"
132-364094-7,PC BOARD ASY (S/N)
132-364108-1,"PCB,FUEL QTY(S/N)"
132-364108-7,PC BOARD ASSY
132-369000-601,WIRING HARNESS LH - ENGINE
132-369001-601,WIRING HARNESS RH - ENGINE
132-380001-1,BLOWER ASSY
132-380019-1,"SWITCH PANEL ASSY-ELECTROLUMINESCENT,RH"
132-380042-1,"INVERTER, STATIC"
132-384026-1,"PANEL ASSY-FUEL TANK,LH"
132-410012-1,"COVER ASSY,SERVICE DOOR"
132-410037-601,"DOOR ASSY, ACCESS,ENVIRONMENTAL,LH"
132-410038-3,"DOOR ASSY, ACCESS,ENVIRONMENTAL,RH"
132-410066-1,DOOR ASSY-ENVIRONMENTAL SERVICE
132-440045-11,"DOOR ASSY,ACCESS-REAR FUS"
132-530025-83,"HEADREST ASSY,UPHOLSTERED-OBSERVR SEAT"
132-530025-89,"SEAT ASSY,UPHOLSTERED-OBSERVER"
132-550029-5,"DUCT ASSY-HEATER, ELECTRIC"
132-550068-7,FUSE LINK ASSY - ELEC HEATER
132-610034-9,CONTROL COLUMN ASSY
132-610040-5,"HOLDER ASSY,APPROACH PLATE"
132-910021-601,"DOOR ASSY-ACCESS,LH-NACELLE"
132-910021-652,"DOOR ASSY-ACCESS,RH-NACELLE"
132-910024-1,"DOOR ASSY-ACCESS,OIL FILTER,LH"
132-910024-2,"DOOR ASSY-ACCESS,OIL FILTER,RH"
132-920168-1,ACCESS DOOR ASSY
132-920244-11,"COVER ASSY-WING,LWR PANEL"
132-920244-9,"COVER ASSY-WING,LWR PANEL"
133-360074-1/810,"PROTRACTOR, AOA CALIBRATION"
133-384016-1,TOOL KIT-CANOPY RIGGING
133-384019-3,"LOCK-SAFETY,SPEED BRAKE (PA-030)"
133-384022-1,DRAIN LINE OIL (PE-059)
133-384022-1,"DRAIN LINE,OIL"
133-384036-1,KIT-CANOPY HINGE INSTALL
133-384038-1,TOOL KIT-INTERSEAT SEQUENCING TUBE PRESS
133-386004,TRAVEL BOARD-RUDDER T/T
133-386004-1,TRAVEL BOARD-RUDDER TAB
133-386004-3,TRAVEL BOARD
133-388002-1,"LEVER,ADJ-NLG BUSHING"
133-388003-1,"LEVER,ADJ-MLG BUSHING"
133-388003-1,"LEVER,ADJ-MLG BUSHING"
133-388006-1,"COLLAR - LOCKING, NLG STRUT"
133-388007-1,"PULLER,PIN-MLG"
133-388008-1,MLG DRIVER CAP
133-388009-1,NLG DRIVER CAP
20011-4-10,FILTER UNION
20011-6-10,"FILTER UNION, FLARED"
2-1552-1,BRAKE ASSY
2-1580,MAIN BRAKE ASSY
217320-1,SCREEN & SPRING ASSY
2215157-1,"PLENUM, RAM AIR INLET"
23048-016,STARTER GENERATOR
23080-011,"STARTER GENERATOR, 400 AMP"
23085-001,STARTER/GENERATOR
27-42030-015,BELLCRANK
27-51016-003,MLG ACTUATOR
27-52000-227,"WHEEL/TIRE ASSY,NOSE GEAR"
30-1012-5,RECOGN LIGHT (SN)
30-1131-25,RECOGN LIGHT (SN)
30-1329-3M,LIGHT ASSY
30-1329-6M,STROBE LIGHT
30-1331-3,STROBE LIGHT ASSY
30-1331-5,LIGHT ASSY
30-204A,BRAKE ASSY
3059256-01,OIL FILTER
3059258-01,"FILTER,OIL (CLEANABLE)"
3059787-01,"FILTER ELEMENT, AIR"
3059788-01,"FILTER ELEMENT, P3 AIR"
3100456-01,NOZZLE
31-3245-5,"LIGHT SUBASSY,RECOGNITION-RED"
3-1418,"WHEEL ASSY,NOSE GEAR,W/O TIRE"
35060-1164,"IND,CLIMB RATE(SN)"
35-165050-216,"FLAP ASSY-OTBD,LH"
35-165050-230,FLAP ASSY-OTBD
35-165050-231,"FLAP ASSY-OTBD,RH"
35-165050-258,"FLAP ASSY-OTBD,LH"
35-165050-259,"FLAP ASSY-OTBD,RH"
36170-3R-1495,MAP LIGHT R/H
390-810001-0009,MAIN LANDING GEAR ASSY
390-810001-0010,MAIN LANDING GEAR ASSY
390-820001-0003,NOSE LANDING GEAR ASSY
40-0277-1,"LIGHT,ANTI-COLLISION"
400-8002-1,"BRAKE ASSY,MLG"
400-8002-109,"WHEEL ASSY, MLG"
400-8002-11,BACKPLATE AND TORQUE TUBE ASSY
400-8002-201,"WHEEL ASSY, MLG"
400-8002-21,FLANGE-DEMOUNTABLE
405-10124-501,BUSHING
405-10124-501-FAT,BUSHING
405-10606-507,"PIN,GROOVED,HEADLESS"
405-10610-502,LINK ASSEMBY
405-21134-6-FAT,WIRE HARNESS SUPPORT DETAIL
405-22052-12,FITTING
405-22052-12-FAT,FITTING
405-22052-3-FAT,FITTING
405-22052-4,FITTING
405-22052-4-FAT,FITTING
405-22052-5,FITTING
426-10110-501,"FITTING, EJECTOR"
4441112-SCO-A,"OXYGEN BOTTLE,PORTABLE"
45035-21,TORQUE LINK ASSY - NLG
45070-21,SPRING ASSY(S/N)
45080-1,"PIN BALL - LOK, SINGLE ACTING"
45100-41,"DAMPER,SHIMMY(S/N)"
452-0020,"PANEL ASSY, ELT REMOTE SWITCH"
452-0021,SWITCH PNL ASSY
45-521212-19,"ACTUATOR ASSY, FLAP"
45-521212-20,"ACTUATOR ASSY, FLAP, RH"
45A10067-011,COVER ASSY
45A10067-101,COVER ASSY
45A10067-111,COVER ASSY - WING LOWER PANEL
45A10067-121,COVER ASSY - WING LOWER PANEL
45A10070-021,ACCESS PANEL
45A10070-022,ACCESS PANEL
45A10070-101,COVER ASSY - WING LOWER PANEL
45A10070-111,"COVER ASY,LH FUEL"
45A10070-112,"COVER ASSY, FUEL - RH"
45A10070-121,COVER ASSY - WING LOWER PANEL
45A10070-642,COVER ASSY - WING LOWER PANEL
45A10085-002,COVER ASSY R/H
45A10502-001,SPOILER ASSY OB-LH
45A10508-001,HINGE ASSY
45A10508-002,HINGE ASSY
45A10508-011,HINGE ASSY
45A10508-012,HINGE ASSY
45A10509-011,HINGE ASSY
45A10509-021,HINGE ASSY
45A10550-711,TIP COVER ASSY
45A10720-001,ROLL TRIM ASSY
45A10720-002,ROLL TRIM ASSY
45A10770-002,MLG DOOR WNG R/H
45A10770-003,"MLG DR ASY,WING LH"
45A10770-004,"MLG DR ASY,MAIN RH"
45A16002-021,FLAP ASSY L/H
45A16002-022,FLAP ASSY R/H
45A16002-621,FLAP ASSY L/H(S/N)
45A16002-622,FLAP ASSY R/H(S/N)
45A16002-641,FLAP ASSY L/H(S/N)
45A16002-642,FLAP ASSY R/H
45A16241-001,L/H AFT FLAP(S/N)
45A16241-002,R/H AFT FLAP(S/N)
45A22002-011,"ELEVATOR ASSY,LH"
45A22002-012,"ELEVATOR ASSY,RH"
45A22002-031,"ELEVATOR ASSY,LH"
45A22002-611,"ELEVATOR ASSY,LH"
45A22002-612,"ELEVATOR ASSY,RH"
45A22002-613,"ELEVATOR ASSY,LH"
45A22002-614,"ELEVATOR ASSY,RH"
45A22002-645,"ELEVATOR ASSY,LH"
45A23309-001,COVER ASSY V-STAB
45A24001-211,RUDDER ASSY
45A24100-011,TRIM TAB
45A30158-607,"HANDLEASY,ENT DOOR"
45A30308-023,"DOOR ASSY, MLG"
45A30308-024,"DOOR ASSY, MLG"
45A30308-025,"B.D. DOOR ASSY, MLG"
45A30308-026,"B.D. DOOR ASSY, MLG"
45A31227-011,"DOOR ASSY, NLG AND TAXI LIGHT"
45A31227-012,RT LD & TXI LT DR
45A31603-001,NLG DOOR
45A31603-002,NLG DOOR
45A31615-021,"DOOR ASSY, NLG AFT"
45A33674-001,ACCESS DOOR ASSY
45A34601-211,DOOR ASSY - REAR FUSELGE
45A34601-221,BAGGAGE DOOR ASSY - REAR FUS
45A35022-241,INLET DUCT ASY LH
45A35022-242,INLET DUCT ASY RH
45A35026-621,"ACCESS DOOR ASSY, NACELLE LH  UPR"
45A35026-622,ACCESS DR RH UPPER
45A35026-631,ACCESS DR ASSY
45A35026-711,ACCESS DOOR ASSY
45A35027-042,NACELL ACS DR
45A35027-641,ACCESS DOOR
45A35027-641 U,ACCESS DOOR S/N
45A35027-642,"ACCESS DOOR ASSY, NACELLE INBD"
45A35035-001,TAIL CONE ASSY
45A35035-002,TAIL CONE ASSY
45A35036-201,ACCESS DOOR ASSY-ENGINE
45A35036-202,ACCESS DOOR ASSY-ENGINE
45A35036-601,ACCESS DOOR ASSY
45A35036-602,ACCESS DOOR ASSY
45A35036-652,ACCESS DOOR ASSY
45A35275-001,"ACCESS DOOR ASSY, OIL FILLER"
45A35275-002,ACCESS DOOR ASSY-ENGINE OIL
45A38111-011,DAMPER ASSY - MLG
45A38111-012,DAMPER ASSY - MLG
45A38111-013,DAMPER ASSY - MLG
45A38111-014,DAMPER ASSY - MLG
45A38311-031,"UPLOCK ASSY, MLG DOOR"
45A38311-032,"UPLOCK MECHANISM ASSY, MLG DOOR"
45A38311-051,UPLOCK MECHANISM ASSY - MLG DOOR
45A38311-052,"UPLOCK MECHANISM ASSY, MLG DOOR"
45A38311-071,UPLOCK MECH ASSY
45A38311-072,"UPLOCK MECHANISM ASSY, MLG DOOR"
45A38511-021,UPLOCK MECHANISM ASSY - MLG
45A38516-011,ROD END ASSY
45A38533-012,HOUSING ASSY R/H
45A39017-221,"WHEEL AND TIRE ASSY,NLG"
45A39400-031,LEVER ASY STEER
45A39401-051,CAM ASSY STEERING
45A39508-061,DAMPER ASSY
45A39508-062,DAMPER ASSY
45A39511-031,NLG UPLOCK
45A39511-041,NLG UPLOCK MECH
45A40304-21,DUCT ASSY-INB ENG JT15D-5
45A40304-31,DUCT ASSY- JT15
45A43178-011,BELLCRANK
45A43180-031,THROTTLE STOP ASSY
45A43180-051,THROTTLE STOP ASSY
45A48191-021,COVER ASSY - FUEL SYSTEM
45A48317-001,"COVER ASSY - FUEL TANK, AFT FUS"
45A61105-021,BRACKET ASSY
45A61105-031,BRACKET ASSY
45A61192-011,FEEL SPRING ASSY-SPOILER CNTRL (OP)
45A61193-001,"SPRING ASSY-BUNGEE,RUDDER CONTROL SYS"
45A61417-001,ROD ASSY
45A61501-011,"QUADRANT ASSY,  ELEVATOR"
45A61504-001,LEVER ASSY
45A61507-011,HORN LEVER L/H
45A61507-012,HORN LEVER R/H
45A61507-017,HORN LEVER L/H
45A61507-018,HORN LEVER R/H
45A61517-001,LINK ASSY
45A61517-011,LINK
45A61737-011,BELLCRANK ASSY
45A61821-001,ROD ASSY
45A61821-011,ROD ASSY
45A62001-607,SPOILER-MXR ASSY
45A62001-609,SPOILER-MXR ASSY
45A62001-611,SPOILER-MXR ASSY
45A62033-041,"SECTOR ASSY-FLAP CONTROL,LH"
45A62033-6041,"SECTOR ASSY-FLAP CONTROL,LH"
45A62038-011,SECTOR ASSY L/H
45A62038-012,SECTOR ASSY R/H
45A62038-6011,SECTOR ASSY L/H
45A62067-007,SECTOR
45A62067-009,SECTOR ASSY - FLAP
45A62068-005,SECTOR FLAP RH
45A62068-009,SECTOR
45A62091-005,"LEVER ASSY, FLAP CONTROL"
45A62091-006,"LEVER ASSY,FLAP CONTROL"
45A62092-001,LEVER ASSY
45A62092-002,LEVER ASSY
45A62092-005,LEVER ASSY
45A62092-006,LEVER ASSY
45A62093-001,FLAP LEVER ASSY LH
45A62093-002,FLAP LEVER ASSY RH
45A62093-004,FLAP LEVER RH
45A62093-005,FLAP LEVER ASSY LH
45A62093-006,FLAP LEVER ASSY RH
45A62232-001,LEVER
45A62232-002,LEVER
45A62279-001,LEVER ASSY L/H
45A62279-002,LEVER ASSY R/H
45A62435-001,LINK ASSY
45A63501/935,BLEED AIR TESTER
45A65575-11,CYLINDER DOWN LOCK RELEASE
45A88523-651,O/H SW PANEL ASY
45A89059/935-1,FLP RGGNG CNTRL BX
45A96613-001,BELLCRANK ASSY
45A96640-001,SECTOR ASSY L/H
45A96641-001,SECTOR ASSY L/H
45A96641-002,SECTOR ASSY R/H
45A96641-012,SECTOR ASSY R/H
45A96642-001,"SECTOR ASSY, LH"
45A96642-002,"SECTOR ASSY, RH"
45A96642-011,"SECTOR ASSY, LH"
45A96672-021,BRACKET
45A96672-022,BRACKET
45AS38401-011,MASTER CYLINDER
45AS38401-012,MASTER CYLINDER
45AS38502-005,"CYLINDER, MLG UPLOCK RELEASE"
45AS38510-007,CYLINDER-MLG DOWNLOCK RLS
45AS38510-008,CYLINDER-MLG DOWNLOCK RLS
45AS38515-007,"CYLINDER, MLG"
45AS38515-008,"CYLINDER, MLG"
45AS38516-007,"CYLINDER, MLG DOOR"
45AS38516-008,"CYLINDER, MLG DOOR"
45AS39502-005,"CYLINDER, NLG UPLOCK RELEASE"
45AS39502-007,"CYLINDER, NLG UPLOCK RELEASE"
45AS39503-005,CYLNDR NLG
45AS39504-007,"CYLDR,NLG REL(S/N)"
45AS61002-003,"CYLNDR,SPEED BRAKE"
45AS61021-009,CYLINDER - FLAP
45AS61021-010,CYLINDER - FLAP
45AS63023-005,"VALVE, CHECK - BLEED AIR"
45AS63023-7,"VALVE, CHECK - BLEED AIR"
45AS86832-003,"INDICATOR,CABIN"
45AS86832-3,"INDICATOR,CABIN"
45AS86854-007,VOLT AMMETER
45AS86854-7,VOLT-AMMETER
45AS88801-017,DC STARTER GENERATOR
45AS88801-019,GENERATOR CONTROL PANEL
45AS88801-025,GENERATOR CONTROL PANEL
45AS88804-001,POWER SUPPLY-EXIT LIGHT
45AS88804-1,POWER SUPPLY-EXIT LIGHT
45AS88826-003,"WING INSPECTION LIGHT, LH"
45AS88826-004,"WING INSPECTION LIGHT, RH"
45AS88834-001,CONTROL UNIT-LANDING GEAR
45AS88834-003,CONTROL UNIT-LANDING GEAR
45AS88834-1,CONTROL UNIT-LANDING GEAR
46010-15,"CYLINDER, MLG"
46035-31,BRACKET ASSY
46035-32,BRACKET ASSY
46105-27,"BALANCER ASSY, MLG"
46110-31,UPPER STRUT ASSY
46115-41,LOWER STRUT ASSY
46115-51,"STRUT ASSY,LWR"
46120-27,LINK ASSY
46126-13,PIN&HOOK ASSY
4E1555-3,SLIP RING R H
4E2442-1,SLIP RING (99)
5000757-10,"WHEEL,LANDING GEAR"
5000757-8,WHEEL AND TIRE ASSY-MLG
5000758-10R,BRAKE ASSY-MLG
5000919-1,WHEEL ASSY-NOSE LANDING GEAR
5000919-2,WHEEL AND TIRE ASSY-NLG
5002461-2,WHEEL HALF SUB ASSY -  INBOARD
5006028-4,WHEEL MAIN ASSY
5006028-5,WHEEL ASSY -MLG
5006450-5,"WHEEL ASY,NOSE"
5007397-1WT,"WHEEL ASSY WITH TIRE,MLG-METRO"
5008888-1,BACK PLATE ASSY
5010714-1,"WHEEL SUBASSY, INBD HALF"
5010720-1,"WHEEL ASSY, MLG"
501-1228-03,POWER SUPPLY
501-1228-04,"POWER SUPPLY, EMERGENCY"
501-1321-01,BATTERY PACK CHARGER BC-815A
5011640-1,BRAKE ASSY MLG
501-1719-02,EMERGENCY POWER SUPPLY
50284-003,BATTERY FAULT UNIT
50-380045,CABIN RATE CLIMB INDICATOR
50-380105-1,"INDICATOR, PNEUMATIC PRESSURE"
50-384203-3,GYRO-COPILOT HORIZON
50-389133-15,ENGINE MOUNT-BARRY
50-521222-3,ACTUATOR LH
50-521222-4,FLAP ACTUATOR RH
50-810029-18,FITTING ASSY - MLG PISTON
50-810029-38,FITTING ASSY - MLG PISTON
50-810032-10,"KNEE,UPR-LANDING GEAR"
50-810032-14,"KNEE,UPR-LANDING GEAR"
50-810032-8,"KNEE ASSY,UPR-LANDING GEAR"
50-810037-7,"BRACE ASSY,LG DRAG"
50-810164-17,"ACTUATOR, LANDING GEAR, LH"
50-810164-18,ACTUATOR LANDING GEAR RH
50-810286-19,"GEAR ASSY,MAIN LH"
50-810286-20,"GEAR ASSY,MAIN RH"
50-810290-3,"CYLINDER ASSEMBLY,MLG"
50-810290-5,CYL. ASSY MLG
50-810295-19,"KNEE ASSY,LWR-LANDING GEAR"
50-810295-25,"KNEE ASSY,LWR-LANDING GEAR"
50-810318-607,AXLE & PISTON
50-810320-27,"SOCKET ASSY-DUAL WHEEL,MAIN"
50-810320-3,SOCKET ASSY - PISTON DUAL WHEEL
50-810320-5,SOCKET
50-810335-17,DRAG LEG ASSY-HF
50-810336,DRAG LEG LOWER
50-810369-1,"AXLE,MLG"
50-810369-601,"AXLE,MLG"
50-810370-1,PISTON ASSY-MLG
50-810370-3,PISTON ASSY-LH LWR-MLG
50-810370-4,PISTON ASSY-RH LWR-MLG
50-820004-3,DAMPENER ASSY
50-820034-19,LINK ASSY
50-820179-7033,"DOOR ASSY-NOSE GEAR,LH (WHITE)"
50-820188-7,BRACKET ASSY-STEERING LINKAGE
50-820197-604,"ABSORBER ASSY,NOSE GEAR LWR SHOCK"
50-820205-25,DRAG LEG ASSY
50-820205-33,BRACE ASSY
50-820205-37,NOSE DRAG LEG ASY
50-820208-5,ACTUATOR ASSY - NOSE
50-820229-1,RESTRICTOR
51530-001A,"CONTROL UNIT,DC GENERATOR"
51538-001A,"CONTROL UNIT,DC GENERATOR"
5712-38,"VALVE,DRAIN"
60-384002-7,"BLOWER, AFT EVAPORATOR"
622-2855-001,ALT-55B RAD ALT
622-2937-002,RADIO ALT IND(S/N)
622-3891-002,MODE SELECTOR (614E-42A)
622-5027-002,"PRIMARY SERVO MOTOR, 28VDC, SVO-85B"
622-6020-121,EFD-85 ELECTRONIC FLIGHT DISPLAY
622-6137-001,"RECEIVER, NAVAGATIONAL"
622-6137-201,RECEIVER NAVIGATOR
622-6208-204,AUTOPILOT PANL(S/N
622-6209-118,MODE SEL PNL (SN)
622-6209-120,MODE SEL PNL (SN)
622-6209-128,MODE SELECT PANEL (MSP-85)
622-6717-004,"PRIMARY SERVO MOTOR, 28VDC, SVO-85C"
622-6717-104,"PRIMARY SERVO MOTOR, 28VDC, SVO-85C"
622-6718-104,SERVO MOUNT
622-7194-101,RECEIVER
622-7208-006,AIR DATA COMPUTER (ADC-850)
622-7209-002,RADIO ALT COVTR(SN
622-7293-121,VHF COMM TRANS
622-7309-101,"TRANSCEIVER, DME-442"
622-7382-101,RECEIVER
622-9336-002,ATTITUDE HEADING COMPUTER
622-9681-001,EFD-84 EFIS DISPLAY
622-9682-002,DPU-84 DISPLAY
622-9682-004,DPU-84 DISPLAY
622-9683-011,DSP-84 DSPL SELECT
622-9683-111,DISPLAY SELECT PANEL (DSP-84)
622-9813-002,IAPS CARD CAGE/HIRF FINGERS
622-9814-202,"CONCENTRATOR,INPUT/OUTPUT"
622-9817-001,AUTOTRIM COUPLR(SN
622-9818-773,MDC-4000
622-9856-005,RTU-870T RADIO TUNING UNIT
622-9867-005,DISPLAY PROCESSOR UNIT (DPU-85V)
622-9868-013,DISPLAY CTRL PANEL
622-9870-021,MULTIFUNCTION DISPLAY UNIT (MFD-871T)
622-9871-003,"INDICATOR, MACH SPEED (MSI-850T)"
622-9872-003,"INDICATOR, ALTIMETER  (ALI-850T)"
622-9945-001,"POWER SUPPLY,IAPS (PWR-4000)"
622-9991-115,"FLIGHT CONTROL COMPUTER, FCC-4001"
7000700-903,AIR DATA COMPUTER (AZ-810)
707073-801,RECEIVER-TRANSMITTE
7801-1000-1,RECEIVER TRANSMITTER
7801-1050-1,CIRCUIT CARD ASSY
7801-1100-1,TACAN R/T
7801-1150-1,RECEIVER ASSEMBLY
7801-1165-1,MODULATOR ASSY
7801-1400-3,CIRCUIT CARD ASSY
7801-3035-3,CIRCUIT CARD ASSY
7801-3040-2,CIRCUIT CARD ASSY
7801-9450-1,"CONTROL UNIT,TACAN RECEIVER-TRANSMITTER"
7801-9750-1,"CONTROL UNIT,TACAN RECEIVER-TRANSMITTER"
822-0891-102,"FLIGHT MANAGEMENT COMPUTER, FMC-5000"
822-0891-103,"FLIGHT MANAGEMENT COMPUTER, FMC-5000"
822-0892-013,CONTROL DISPLAY UNIT (CDU-5000)
822-0892-017,CONTROL DISPLAY UNIT (CDU-5000) 115V LTG
822-1266-001,DSPLY CNTRL PANEL
866-1-1,LAMP DIMMER / POWER SUPPLY
90033-24,LOWER BEACON
90033-25,LIGHT ASSY (S/N)
902880-801,"RECEIVER-TRANSMITTER,UHF RADIO"
90-364106-1,ANNUNCITR CONT(S/N
90-380001-23,MASTER CYLINDER - HYDRAULIC BRAKE
90-380001-29,MASTER CYLINDER
90-380001-33,MASTER CYLINDER
90-380002-3,"SWITCH ASSY,PRESSURE,30 PSIG"
9053-3023,IND FUEL TEMP(S/N)
90-820020-13,"DRAG LEG, UPPER"
91-360011-1,"PANEL ASSY, RELAY"
91-810010-7,GEAR BOX ASSY W/O MOTOR
9536598-9,WHL SUBASSY INB
9536599-9,WHEEL HALF O/B
97-820000-11,"LANDING GEAR ASSY, NOSE"
99-810025-3,PISTON & AXLE MLG
99-810025-607,PISTON & AXLE MLG
99-810028-15,"BRACE ASSY, MLG - STD"
99-810028-19,BRACE ASSY
99-810028-23,BRACE ASSY
99-810028-25,"BRACE,TOP,MAIN GEAR"
99-810028-27,MLG BRACE
99-810028-31,MLG BRACE
99-810028-7,BRACE ASSY MLG
99-810030-33,"DOOR ASSY-MLG,LH OTB & RH INBD,FLOTATION"
99-810057-651,ACTUATOR ASSY
99-810057-652,ACTUATOR ASSY
99-810057-653,"ACTUATOR ASSY, RH - MLG"
99-810057-654,"ACTUATOR ASSY, LH - MLG"
99-820100,"CYLINDER ASSEMBLY,NOSE LANDING GEAR"
99-820100-5,"CYLINDER ASSY,NOSE GEAR UPR SHOCK-NLG"
A100620-101,CABLE ASSY
A100620-101(V1),CABLE ASSY
A100621-101,CABLE ASSY
A100622-101,CABLE ASSY
A100622-101(V1),CABLE ASSY
A218-967759-00,"GRIP ASSY, CYCLIC COBRA"
BST-2921,"TORQUE ADAPTER,WRENCH,CYLINDER,PROPELLER"
C-5328,SPRING
CB2100T6D,"COMPASS, MAGNETIC, STANDBY"
D4N00136S,"PROPELLER, HC-D4N-3A/D9515K/D-630-7P"
DA321A0032-1,"BOLT, SIDEBRACE MLG *CSI* *ECN*"
DA322A0052-513,"DRAG BRACE ASSY, NLG"
DA322A0057-505,"HOUSING,TRUNNION-DRAG BRACE,NLG  (CSI)"
DA327A5320,"BELLCRANK ASSY,UPLATCH ARRESTING HOOK"
DA327A5320-3,BELLCRANK ASSY
DA327A5320-3,"BELLCRANK ASSY,AG U *CAI* *ECN*"
DB205,"AMPLIFIER, PAGING"
DB213,"AMPLIFIER, AUDIO"
DB215,"AMPLIFIER, AUDIO"
DB221,"AMPLIFIER, AUDIO"
DB407,"AMPLIFIER, AUDIO"
DB421,"AMPLIFIER, AUDIO"
DB443,"AMPLIFIER, AUDIO"
DB603,"GEN,AURAL WARN(S/N"
EMBS139-2,BATTERY-EMERGENCY LIGHTS
FN1500,FUEL NOZZLE KIT
FN850/3214,FUEL NOZZLE KT (PT6A-42)
FN850/3250,FUEL NOZZLE KIT
HCB3TN3GT10178K3R,"PROPELLER, AIRCRAFT"
HCB3TN3GT10178NB3R,"PROPELLER, AIRCRAFT"
HCB3TN3GT10178NK3R,"PROPELLER, AIRCRAFT"
HCB4MP3A/M10877K,PROPELLER (S/N)
HCB4MP3C/M10476NSK,PROPELLER ASSEMBLY
HC-E4A-2/E9612,"PROPELLER ASSY, AIRCRAFT"
HC-E4A-3M/E10478SK,"PROPELLER,AIRCRAFT"
HC-E4N3G/D9390SK1R,"PROPELLER ASSY, AIRCRAFT"
HYLZ50336-001,CABIN TEMP CONTROL
HYLZ50336-1,"CONTROLLER, CABIN TEMPERATURE"
JX350J0007-2,"FLANGE,MACHINE"
JX350J0008-2,"FLANGE,ALTERED"
KIT-NOZZ-41/42,FUEL NOZZLE KIT PT6A-41/42
KIT-NOZZ-65B,FUEL NOZZLE KIT PT6A (DUPLEX)
KIT-NOZZPOST3250,FUEL NOZZLE KIT PT6A
L3CVADA554L0054006,"BRACKET,UPR HINGE,RUDDER (CSI)"
L3CVADA554L0063002,"FITTING-TAB CONTROL SUPPORT,RUDDER (CAI)"
L3CVADA554L0193002,"LINK-TAB CONTROL SUPPORT,RUDDER (CAI)"
L3CVADA554L0244002,"LINK,UPR HINGE,RUDDER (CSI)"
L3CVADA554L0246002,"BRACKET-LWR HINGE,RUDDER (CSI)"
MS20005-25,"BOLT, INTERNAL WRENCHING"
MS20005-36,"BOLT, INTERNAL WRENCHING"
MS21250-06030,"BOLT,TENSION,STEEL,EXT WRNCH,FLNGD,12-PT"
MS21250-09048,"BOLT,TENSION,STEEL,EXT WRNCH,FLNGD,12-PT"
MS21250-12062,"BOLT,TENSION,STEEL,EXT WRNCH,FLNGD,12-PT"
MUV901-57,STEP ASSY
P6525322-0407,PROPELLER 4HFR34C652/L106LA-0
P7025423-0150,"PROPELLER, AIRCRAFT"
PC17A,INVERTER POWER STATIC
PT6A-60SERIES-FN,"FUEL NOZZ KIT,PT6A-60A,-65AG,-65B,-65R"
